filename,width,height,class,xmin,ymin,xmax,ymax
sj-05-6124-R4_002_jpg.rf.cccc05b2adcf42dafb52b1fbfb497916.jpg,640,640,-,0,0,640,640
sj-05-588-R1_010_jpg.rf.dbd20b11ce4597406f38444eee6c8ac1.jpg,640,640,-,0,2,640,640
sj-05-5389-R1_002_jpg.rf.cf4d5841ab27538186b8e8ceaae6d96d.jpg,640,640,-,0,3,640,640
sj-05-1396-R3_011_jpg.rf.e4f7a568b7042057daff462ef259c94f.jpg,640,640,blood_cell - v1 2023-07-08 8-58am,0,3,640,640
sj-05-5389-R1_003_jpg.rf.cde22eab2052c71fa1a210954863829c.jpg,640,640,-,0,2,640,640
sj-05-1467-R1_011_jpg.rf.d2f08d44dd7d2e726d63c50be8ea08a3.jpg,640,640,-,0,2,640,640
sj-05-4881-R3_010_jpg.rf.ce039af8ee7212da2f2d33fe8c42a212.jpg,640,640,-,0,0,640,640
sj-05-1374_008_jpg.rf.ccc536008623b42ea1c3cf5d8654cc5a.jpg,640,640,This dataset was exported via roboflow.com on March 31- 2024 at 12-12 AM GMT,0,0,640,640
sj-05-1881-R1_011_jpg.rf.e12a11385cb6457c075337654e767984.jpg,640,640,-,0,2,640,640
sj-05-1396-R3_009_jpg.rf.ce4687a34f738344087bb92f5eb06419.jpg,640,640,blood_cell - v1 2023-07-08 8-58am,3,2,638,640
sj-03-5521_007_jpg.rf.d77e2bb80296b36481895f624e91885d.jpg,640,640,blood_cell - v1 2023-07-08 8-58am,0,2,640,640
sj-05-1881-R1_017_jpg.rf.d45f5b40e52c16acf28eac599ac19b89.jpg,640,640,-,0,0,640,640
sj-05-5326-R1_005_jpg.rf.e0c633931c0b41dc58768446b436caf7.jpg,640,640,This dataset was exported via roboflow.com on March 31- 2024 at 12-12 AM GMT,0,0,640,640
sj-05-6124-R3_006_jpg.rf.d8b78d1b8ce7d9898bc7ff82d1dc12d8.jpg,640,640,-,0,0,640,640
sj-05-3165_005_jpg.rf.e3052c93c8600e58d6def370e3b9fdae.jpg,640,640,blood_cell - v1 2023-07-08 8-58am,3,0,639,640
sj-05-6124-R3_013_jpg.rf.d240dab7e8a0cc04e0c0791f6a52dd00.jpg,640,640,-,0,0,640,640
sj-05-4179-R1_007_jpg.rf.dc5c185d916e4677af0b7713444f4685.jpg,640,640,This dataset was exported via roboflow.com on March 31- 2024 at 12-12 AM GMT,0,0,640,640
sj-05-1467-R1_007_jpg.rf.d1fb64004ad0a54d51c2a7d31abec4f9.jpg,640,640,-,0,1,640,639
sj-03-2810_007_jpg.rf.d9d2770404d9207bd96795fa42897a2f.jpg,640,640,blood_cell - v1 2023-07-08 8-58am,4,2,640,640
sj-05-6124-R4_013_jpg.rf.d1b8d924e4502054c1b891f7c49799ca.jpg,640,640,-,0,0,640,640
sj-04-6010-R3_006_jpg.rf.e0b783cdf713c620ab8705ac59de8b53.jpg,640,640,This dataset was exported via roboflow.com on March 31- 2024 at 12-12 AM GMT,0,0,640,640
sj-03-852-R2_009_jpg.rf.ceb21665f362174f7588eea8b8437d2b.jpg,640,640,blood_cell - v1 2023-07-08 8-58am,1,3,639,637
sj-05-768_009_jpg.rf.d8e180a01b31d88e14a07eeac2b976b7.jpg,640,640,This dataset was exported via roboflow.com on March 31- 2024 at 12-12 AM GMT,0,0,640,640
sj-05-5311-R1_008_jpg.rf.d9da8a0f51051c9de6cf09f949f6192a.jpg,640,640,-,1,2,640,640
sj-03-476_001_jpg.rf.d90e6741aa83e3dbbaccb619a1b10d47.jpg,640,640,blood_cell - v1 2023-07-08 8-58am,8,2,637,640
sj-04-3077-R2_005_jpg.rf.e60005e1063f345fb9cddf8efbbd63e0.jpg,640,640,This dataset was exported via roboflow.com on March 31- 2024 at 12-12 AM GMT,0,0,640,640
sj-04-3077-R2_010_jpg.rf.eacd0abd55367dbd0e2e895985aaeb93.jpg,640,640,This dataset was exported via roboflow.com on March 31- 2024 at 12-12 AM GMT,0,0,640,640
sj-05-3165_010_jpg.rf.ebb0597a3c06318c147f4cd0b0e89973.jpg,640,640,blood_cell - v1 2023-07-08 8-58am,0,2,640,640
sj-04-6010-R3_004_jpg.rf.e60afaab3d9d8f0604b7a6ae18f6c797.jpg,640,640,This dataset was exported via roboflow.com on March 31- 2024 at 12-12 AM GMT,0,0,640,640
sj-04-4967-R2_011_jpg.rf.ee1cde9411d110dd665ef40cf8b5f670.jpg,640,640,This dataset was exported via roboflow.com on March 31- 2024 at 12-12 AM GMT,0,0,640,640
sj-03-852-R2_005_jpg.rf.eb7d9285c20957e5fec6d9acb99b5401.jpg,640,640,blood_cell - v1 2023-07-08 8-58am,2,0,640,640
sj-03-5521_004_jpg.rf.f80239173e753cfc36e0cc1d7f6d21ed.jpg,640,640,blood_cell - v1 2023-07-08 8-58am,0,2,640,640
sj-05-5311-R1_005_jpg.rf.f5f02e0c8979b0cf83cf14edc4e5b877.jpg,640,640,-,0,0,636,639
sj-05-5389-R1_018_jpg.rf.e55db0ce61ee067cdb78c9d60646aa59.jpg,640,640,-,0,2,640,640
sj-05-1467-R1_005_jpg.rf.ee7b008ffa17836035e32c384171b8a2.jpg,640,640,-,1,3,640,640
sj-05-5311-R1_009_jpg.rf.f222aa43a3e21f1e3381fa47338f61d8.jpg,640,640,-,1,0,640,640
sj-05-5829_006_jpg.rf.f7912d7464f4b449cd41ce7f2e5774b7.jpg,640,640,-,0,5,640,640
sj-05-588-R1_008_jpg.rf.f9133b7cd265119a5afa83b0c39abef3.jpg,640,640,-,1,2,640,640
sj-05-1467-R1_010_jpg.rf.f6e757c596ad637c7ea3218dfef665cc.jpg,640,640,-,0,2,640,640
sj-05-5389-R1_010_jpg.rf.f05b5e4e12951357adc82bf67f1bc9cd.jpg,640,640,-,0,2,640,640
sj-05-1396-R3_008_jpg.rf.e87df69563f0f1c013a08791cc22f22d.jpg,640,640,blood_cell - v1 2023-07-08 8-58am,4,2,639,640
sj-05-3165_002_jpg.rf.f874ef8dddb240dade8a35537ce89732.jpg,640,640,blood_cell - v1 2023-07-08 8-58am,0,3,639,640
sj-05-6124-R3_004_jpg.rf.f7fe441b47dcd4b5efc16ebb3fb331e1.jpg,640,640,-,1,0,640,640
sj-03-2810_001_jpg.rf.eb7e5e3dace4995ea0184cf62ecfe8cf.jpg,640,640,blood_cell - v1 2023-07-08 8-58am,0,3,639,640
sj-05-1374_001_jpg.rf.f01d7b92067e87f5817f50d46aaed05d.jpg,640,640,This dataset was exported via roboflow.com on March 31- 2024 at 12-12 AM GMT,0,0,640,640
sj-03-476_007_jpg.rf.fc2184cae271893236df717fb5f57da3.jpg,640,640,blood_cell - v1 2023-07-08 8-58am,4,3,636,640
sj-05-1881-R1_001_jpg.rf.fa1be39b83538ddb8a2a24820b0cd4a5.jpg,640,640,-,2,0,640,639
sj-03-5521_009_jpg.rf.f04ba11d25cfa5d815a79d87fb50bbca.jpg,640,640,blood_cell - v1 2023-07-08 8-58am,0,5,640,640
sj-05-5269-R10_011_jpg.rf.00981f580e513f49d0ce6feabd8ef598.jpg,640,640,blood_cell - v1 2023-07-08 8-58am,0,2,640,640
sj-05-5311-R1_007_jpg.rf.052990e3dca46bdfc9ee9d42856da935.jpg,640,640,-,0,0,640,640
sj-05-3165_001_jpg.rf.06708af51fe12436d52afb9b6d08a863.jpg,640,640,blood_cell - v1 2023-07-08 8-58am,2,2,640,640
sj-03-5521_001_jpg.rf.0324d98ab2e113919338052e76866383.jpg,640,640,blood_cell - v1 2023-07-08 8-58am,2,2,640,640
sj-05-6124-R4_014_jpg.rf.00c81e7c6b33e56078248566fea0f459.jpg,640,640,-,0,0,640,640
sj-03-4957_004_jpg.rf.01291270509011c9ec13961f52627bf6.jpg,640,640,blood_cell - v1 2023-07-08 8-58am,0,3,638,637
sj-04-4525-R4_003_jpg.rf.00e45824fb44c77b72711b9ce252fe69.jpg,640,640,This dataset was exported via roboflow.com on March 31- 2024 at 12-12 AM GMT,0,0,640,640
sj-05-4881-R3_009_jpg.rf.057dd9f5bb622bbb883a507ffd5517fc.jpg,640,640,-,0,2,640,640
sj-05-6124-R4_015_jpg.rf.04f1b8917aaec27cab695562576b1d3e.jpg,640,640,-,0,0,640,640
sj-03-2810_004_jpg.rf.07caba22fa0abf4fcae22fc1ef97cc70.jpg,640,640,blood_cell - v1 2023-07-08 8-58am,3,5,637,640
sj-05-3874-R2_009_jpg.rf.07d97d1379524035f674b283f8515b0e.jpg,640,640,blood_cell - v1 2023-07-08 8-58am,1,5,639,640
sj-03-2810_008_jpg.rf.07e6f565e3a7138f0d1d0baa64f94db2.jpg,640,640,blood_cell - v1 2023-07-08 8-58am,3,5,639,640
sj-05-1374_011_jpg.rf.0a5a5be348000f0d9c223072717e63b1.jpg,640,640,This dataset was exported via roboflow.com on March 31- 2024 at 12-12 AM GMT,0,0,640,640
sj-05-3362-R2_009_jpg.rf.02e7398c8a7303abbf8f99f2449ec93f.jpg,640,640,This dataset was exported via roboflow.com on March 31- 2024 at 12-12 AM GMT,0,0,640,640
sj-05-1881-R1_015_jpg.rf.08aa685083fae4fbb3f34590f5ea598b.jpg,640,640,-,0,2,640,640
sj-05-5326-R1_008_jpg.rf.0abe493fc4d9c24e82b6806b1b2414e6.jpg,640,640,This dataset was exported via roboflow.com on March 31- 2024 at 12-12 AM GMT,0,0,640,640
sj-05-6124-R3_010_jpg.rf.0e8022d49e2e44672b176d9ff3a8fc9d.jpg,640,640,-,0,0,640,640
sj-05-1374_005_jpg.rf.1767c6794761d21929d0d89c957867ad.jpg,640,640,This dataset was exported via roboflow.com on March 31- 2024 at 12-12 AM GMT,0,0,640,640
sj-03-2810_011_jpg.rf.21484010af19c336bcfd4f40c1c51ef6.jpg,640,640,blood_cell - v1 2023-07-08 8-58am,0,4,639,639
sj-05-4179-R1_003_jpg.rf.121a9031cbb406c5cf9a390e30662435.jpg,640,640,This dataset was exported via roboflow.com on March 31- 2024 at 12-12 AM GMT,0,0,640,640
sj-05-6124-R4_012_jpg.rf.226cffe837f184836f24cbec008df9f0.jpg,640,640,-,0,0,640,640
sj-05-1467-R1_003_jpg.rf.15ea7fd5188354139f05c8f70f1e39aa.jpg,640,640,-,1,0,640,640
sj-03-2810_006_jpg.rf.262c6e956666a666b3c1d59cd5b93944.jpg,640,640,blood_cell - v1 2023-07-08 8-58am,5,0,639,640
sj-05-1396-R3_004_jpg.rf.0e1ef7cc6f544f707d6cce97b3ce4421.jpg,640,640,blood_cell - v1 2023-07-08 8-58am,3,2,639,640
sj-03-5521_008_jpg.rf.240433b40d3b454f5a851bdb2ed8bfb4.jpg,640,640,blood_cell - v1 2023-07-08 8-58am,0,2,640,640
sj-05-3874-R2_005_jpg.rf.15706f3856982c160baae03f994365ca.jpg,640,640,blood_cell - v1 2023-07-08 8-58am,0,5,639,640
sj-05-3362-R2_004_jpg.rf.2322b4eafefb21c2f0f220dae5b7578c.jpg,640,640,This dataset was exported via roboflow.com on March 31- 2024 at 12-12 AM GMT,0,0,640,640
sj-05-901-R1_008_jpg.rf.1ef96437fe38416896dff1021d434391.jpg,640,640,This dataset was exported via roboflow.com on March 31- 2024 at 12-12 AM GMT,0,0,640,640
sj-05-3344_003_jpg.rf.1dcdecc75a34c39368dff4a7288751c4.jpg,640,640,blood_cell - v1 2023-07-08 8-58am,3,3,638,640
sj-05-5389-R1_015_jpg.rf.1567c8dae766c04c2c8a2ee42e9ced82.jpg,640,640,-,2,3,640,640
sj-03-2810_002_jpg.rf.0c36de9b7b58d0ac7b7e5f772a157a8c.jpg,640,640,blood_cell - v1 2023-07-08 8-58am,1,3,640,640
sj-05-6124-R3_008_jpg.rf.20276b5d83f294b4a30ea54b59824006.jpg,640,640,-,0,0,640,640
sj-05-6124-R3_003_jpg.rf.271a6bc65654412dd7324262f8fd6738.jpg,640,640,-,0,0,640,640
sj-05-5829_004_jpg.rf.17cacebb979117ed266e6a147b253afc.jpg,640,640,-,0,2,640,640
sj-05-768_015_jpg.rf.251cfaab1d43ff26401150f35ee83dbf.jpg,640,640,This dataset was exported via roboflow.com on March 31- 2024 at 12-12 AM GMT,0,0,640,640
sj-05-5326-R1_011_jpg.rf.17efff04f45dbd1d99ebacd330c3bdc9.jpg,640,640,This dataset was exported via roboflow.com on March 31- 2024 at 12-12 AM GMT,0,0,640,640
sj-05-768_001_jpg.rf.0a94781877d08591ecce48fe4507f59b.jpg,640,640,This dataset was exported via roboflow.com on March 31- 2024 at 12-12 AM GMT,0,0,640,640
sj-05-768_007_jpg.rf.28ee7ef5e56a74a4f3d408f503016d24.jpg,640,640,This dataset was exported via roboflow.com on March 31- 2024 at 12-12 AM GMT,0,0,640,640
sj-03-4957_010_jpg.rf.27227109971418ede00b373fb58c3c2a.jpg,640,640,blood_cell - v1 2023-07-08 8-58am,4,2,637,640
sj-05-6124-R3_009_jpg.rf.14bdc76356bb2de943133e3309f8c7ee.jpg,640,640,-,0,0,640,640
sj-05-1374_007_jpg.rf.14fa4dc18e76a5471d211e3e62284db9.jpg,640,640,This dataset was exported via roboflow.com on March 31- 2024 at 12-12 AM GMT,0,0,640,640
sj-05-588-R1_001_jpg.rf.280eb2c411150cb1e613a49b016b2672.jpg,640,640,-,0,0,640,640
sj-05-894-R3_004_jpg.rf.1509e07531a14ce8c99b37491f4f2b8b.jpg,640,640,-,0,0,640,640
sj-05-3362-R2_005_jpg.rf.2f76d2777168a9c312239fe279a22e41.jpg,640,640,This dataset was exported via roboflow.com on March 31- 2024 at 12-12 AM GMT,0,0,640,640
sj-05-1467-R1_002_jpg.rf.292223c41a22713e78173d5084ba1de6.jpg,640,640,-,4,3,640,640
sj-05-5829_007_jpg.rf.29e5e8a6feb4ee5ed24f02371ece93f6.jpg,640,640,-,0,0,640,640
sj-05-768_008_jpg.rf.2906c865b5a94aa6e8cb5f04d71ec11f.jpg,640,640,This dataset was exported via roboflow.com on March 31- 2024 at 12-12 AM GMT,0,0,640,640
sj-04-3077-R2_003_jpg.rf.31a30fc49d0c4a8293d62c892c128890.jpg,640,640,This dataset was exported via roboflow.com on March 31- 2024 at 12-12 AM GMT,0,0,640,640
sj-05-6124-R3_002_jpg.rf.2d8f84b553035099f9b1a4af74f5fc63.jpg,640,640,-,2,2,640,640
sj-05-3344_011_jpg.rf.2ff85f06627953f6faaad1af6903ecf4.jpg,640,640,blood_cell - v1 2023-07-08 8-58am,0,3,640,640
sj-05-3362-R2_002_jpg.rf.2c5ca617f1727dda4bc68022cef84121.jpg,640,640,This dataset was exported via roboflow.com on March 31- 2024 at 12-12 AM GMT,0,0,640,640
sj-04-4967-R2_003_jpg.rf.2c5e8fabb73520a86bd0cb778fbad30e.jpg,640,640,This dataset was exported via roboflow.com on March 31- 2024 at 12-12 AM GMT,0,0,640,640
sj-05-5326-R1_003_jpg.rf.341c9ad9f1389cfff37d89cd28d2781f.jpg,640,640,This dataset was exported via roboflow.com on March 31- 2024 at 12-12 AM GMT,0,0,640,640
sj-05-894-R3_014_jpg.rf.36383327aa115d06ca8772aced4d7737.jpg,640,640,-,0,0,640,640
sj-05-4179-R1_012_jpg.rf.2d72afb218268f3034a14a1cd772f48d.jpg,640,640,This dataset was exported via roboflow.com on March 31- 2024 at 12-12 AM GMT,0,0,640,640
sj-04-4967-R2_009_jpg.rf.355860c203ed5226fd16821bc57409bc.jpg,640,640,This dataset was exported via roboflow.com on March 31- 2024 at 12-12 AM GMT,0,0,640,640
sj-03-2810_003_jpg.rf.3c158c537131ad4a73a615c69b9fcc83.jpg,640,640,blood_cell - v1 2023-07-08 8-58am,1,6,639,640
sj-03-5521_006_jpg.rf.37813e7fd7470662783d0b96cea0d4e6.jpg,640,640,blood_cell - v1 2023-07-08 8-58am,3,2,639,639
sj-05-1467-R1_008_jpg.rf.378f6ccb7aa927e2438e24fea2783bf5.jpg,640,640,-,0,2,640,640
sj-05-5269-R10_008_jpg.rf.364b18a2a281095dfe400b5f2a14ef00.jpg,640,640,blood_cell - v1 2023-07-08 8-58am,0,3,640,640
sj-05-1881-R1_005_jpg.rf.3dcfc274d127e5a8f47a0a2d2a3b581a.jpg,640,640,-,0,2,640,640
sj-03-852-R2_008_jpg.rf.3f49e81c59f3220458bbec470c5941a2.jpg,640,640,blood_cell - v1 2023-07-08 8-58am,5,2,640,640
sj-05-5269-R10_002_jpg.rf.3793514501f9cd78475038f3eb2b6149.jpg,640,640,blood_cell - v1 2023-07-08 8-58am,0,2,638,640
sj-05-1467-R1_004_jpg.rf.4222827473ab1643c59e84aae68b886e.jpg,640,640,-,0,2,640,640
sj-05-901-R1_010_jpg.rf.44df8309e599dd9fd272e84fd9b741a3.jpg,640,640,This dataset was exported via roboflow.com on March 31- 2024 at 12-12 AM GMT,0,0,640,640
sj-05-894-R3_001_jpg.rf.406d994b480cdd1289e2c2ccdfe21dd2.jpg,640,640,-,0,0,640,640
sj-05-3344_002_jpg.rf.43071a6dc8ff678b479ebb59a9400948.jpg,640,640,blood_cell - v1 2023-07-08 8-58am,0,0,638,635
sj-05-4881-R3_007_jpg.rf.4504886329b178ff7e7a6a70864301a8.jpg,640,640,-,0,0,640,640
sj-05-901-R1_001_jpg.rf.3a47e78e1a710ba3c524ad7acccfbddf.jpg,640,640,This dataset was exported via roboflow.com on March 31- 2024 at 12-12 AM GMT,0,0,640,640
sj-03-852-R2_012_jpg.rf.41abc5cd39f62194f83afa3f56ed1a90.jpg,640,640,blood_cell - v1 2023-07-08 8-58am,0,3,639,640
sj-05-3165_007_jpg.rf.4620ce9a65984a8ddfd50a9da83bdc96.jpg,640,640,blood_cell - v1 2023-07-08 8-58am,1,0,640,640
sj-05-5389-R1_016_jpg.rf.459557cd7fd06873439aa3bcbf2b27df.jpg,640,640,-,1,3,640,640
sj-05-4179-R1_005_jpg.rf.4dc092005114769cf2a86cca2d157e0c.jpg,640,640,This dataset was exported via roboflow.com on March 31- 2024 at 12-12 AM GMT,0,0,640,640
sj-05-3165_011_jpg.rf.4acdeacaf8d9fac733a7b65ff6d1f452.jpg,640,640,blood_cell - v1 2023-07-08 8-58am,0,2,639,637
sj-05-588-R1_005_jpg.rf.4bb3b1fa8b1755a5eb87aa5f038f9ac3.jpg,640,640,-,0,0,639,640
sj-03-5521_010_jpg.rf.4b602e47480807e8ef0e87c6ea02fc8b.jpg,640,640,blood_cell - v1 2023-07-08 8-58am,0,5,639,640
sj-05-901-R1_002_jpg.rf.3a8701e8f779fc90eea249cf1905d203.jpg,640,640,This dataset was exported via roboflow.com on March 31- 2024 at 12-12 AM GMT,0,0,640,640
sj-05-894-R3_007_jpg.rf.58973652ff6215d4c3c8b31f1215e3f1.jpg,640,640,-,0,0,640,640
sj-05-3874-R2_004_jpg.rf.4992ae03531f828a3888f1d27973d920.jpg,640,640,blood_cell - v1 2023-07-08 8-58am,1,3,640,640
sj-05-768_003_jpg.rf.582a72cbf84b0aaa4567a024fac1c3da.jpg,640,640,This dataset was exported via roboflow.com on March 31- 2024 at 12-12 AM GMT,0,0,640,640
sj-05-3874-R2_010_jpg.rf.47038a6c2fb34911426684810b9deec3.jpg,640,640,blood_cell - v1 2023-07-08 8-58am,0,3,640,640
sj-05-3165_012_jpg.rf.4eb4d93d5f8a2b087803b94c820a8094.jpg,640,640,blood_cell - v1 2023-07-08 8-58am,0,0,640,640
sj-05-768_010_jpg.rf.50f5b6065c28909afd7d6a5da8ef6853.jpg,640,640,This dataset was exported via roboflow.com on March 31- 2024 at 12-12 AM GMT,0,0,640,640
sj-05-5269-R10_007_jpg.rf.566a0806b92cbf1b59e4134536491cbc.jpg,640,640,blood_cell - v1 2023-07-08 8-58am,0,0,640,640
sj-05-588-R1_003_jpg.rf.4d36b5886ebe27614b2e371f8dbaefc4.jpg,640,640,-,0,0,640,640
sj-04-4967-R2_006_jpg.rf.54eaf39cd7168e6aaa2b29d58c62dddf.jpg,640,640,This dataset was exported via roboflow.com on March 31- 2024 at 12-12 AM GMT,0,0,640,640
sj-05-1881-R1_003_jpg.rf.562fab7f0466a92e591e19fa43cdf0dd.jpg,640,640,-,1,2,640,640
sj-05-6124-R4_001_jpg.rf.58b4f96b1eba40d5afcf1bac2223225e.jpg,640,640,-,0,0,640,640
sj-04-3077-R2_002_jpg.rf.6064f10cdd77a2fdc93dab12adcdbc5b.jpg,640,640,This dataset was exported via roboflow.com on March 31- 2024 at 12-12 AM GMT,0,0,640,640
sj-04-3077-R2_006_jpg.rf.46122d721fdbbe68352da5a46659cf1a.jpg,640,640,This dataset was exported via roboflow.com on March 31- 2024 at 12-12 AM GMT,0,0,640,640
sj-04-6010-R3_005_jpg.rf.5c4f5bfbe5a01f4c75eda9ce59c5c680.jpg,640,640,This dataset was exported via roboflow.com on March 31- 2024 at 12-12 AM GMT,0,0,640,640
sj-03-4957_001_jpg.rf.5bf54404efdd0319c68623c7bddb340b.jpg,640,640,blood_cell - v1 2023-07-08 8-58am,3,0,638,637
sj-03-4957_005_jpg.rf.5b8695d887776ced0a7a9fb42385f8dd.jpg,640,640,blood_cell - v1 2023-07-08 8-58am,3,2,639,637
sj-05-1396-R3_003_jpg.rf.505fbee82692b21487475bcb5f9c258e.jpg,640,640,blood_cell - v1 2023-07-08 8-58am,2,0,640,639
sj-05-588-R1_002_jpg.rf.59c04ccb643bd72c883e8fcdf450dc3a.jpg,640,640,-,0,0,640,640
sj-04-4525-R4_009_jpg.rf.5e7ad4847bd4c656277471d0ab144dd9.jpg,640,640,This dataset was exported via roboflow.com on March 31- 2024 at 12-12 AM GMT,0,0,640,640
sj-05-5829_002_jpg.rf.605b4f28f72c6b0f71c0602b26ec8636.jpg,640,640,-,0,0,639,640
sj-04-4525-R4_008_jpg.rf.5c503d81e17d026ceff2970e1fffac76.jpg,640,640,This dataset was exported via roboflow.com on March 31- 2024 at 12-12 AM GMT,0,0,640,640
sj-05-3874-R2_006_jpg.rf.5ba79a1f9d2e4f1ed7a56e721c6dd346.jpg,640,640,blood_cell - v1 2023-07-08 8-58am,3,3,639,640
sj-05-3165_003_jpg.rf.5fe9c10a1baeb1be107a7ce307509aab.jpg,640,640,blood_cell - v1 2023-07-08 8-58am,3,0,639,640
sj-04-6010-R3_010_jpg.rf.5ef7ae7cad698dfb4377fcf2c447a3a8.jpg,640,640,This dataset was exported via roboflow.com on March 31- 2024 at 12-12 AM GMT,0,0,640,640
sj-03-852-R2_007_jpg.rf.5a669ab1e3285f84a364a282609e587d.jpg,640,640,blood_cell - v1 2023-07-08 8-58am,0,3,638,640
sj-05-3874-R2_007_jpg.rf.6410d73df154c4dddd91e0b19d414ec9.jpg,640,640,blood_cell - v1 2023-07-08 8-58am,0,0,640,640
sj-05-894-R3_006_jpg.rf.62243af3ef2ffbf79ea8f0b5a6aaafdf.jpg,640,640,-,0,0,640,640
sj-03-4957_003_jpg.rf.645a7a9d04ec8fdb05b3cded33ccb47c.jpg,640,640,blood_cell - v1 2023-07-08 8-58am,2,2,640,640
sj-05-1881-R1_014_jpg.rf.6255441d61c29d1d53f06f78c1310d2a.jpg,640,640,-,0,2,640,640
sj-05-768_006_jpg.rf.61b3f024a0a879a72a03d9faf8663a69.jpg,640,640,This dataset was exported via roboflow.com on March 31- 2024 at 12-12 AM GMT,0,0,640,640
sj-05-6124-R4_005_jpg.rf.628d5c8786ecb0f7f52e59c9a7850444.jpg,640,640,-,0,0,640,640
sj-05-3362-R2_001_jpg.rf.65ee2bd620cfafe0193e8b7cda90b9d9.jpg,640,640,This dataset was exported via roboflow.com on March 31- 2024 at 12-12 AM GMT,0,0,640,640
sj-03-852-R2_002_jpg.rf.6698990d3cd1828aa84901d972aa970c.jpg,640,640,blood_cell - v1 2023-07-08 8-58am,1,2,640,640
sj-03-476_002_jpg.rf.6181311fbd0bce7be159d78e53352cfe.jpg,640,640,blood_cell - v1 2023-07-08 8-58am,2,3,640,640
sj-05-5326-R1_012_jpg.rf.71a5c95b7567a475f36bb70d824044f3.jpg,640,640,This dataset was exported via roboflow.com on March 31- 2024 at 12-12 AM GMT,0,0,640,640
sj-05-5326-R1_009_jpg.rf.6854ff6718dc5b782af24100b9dd5a71.jpg,640,640,This dataset was exported via roboflow.com on March 31- 2024 at 12-12 AM GMT,0,0,640,640
sj-05-1881-R1_004_jpg.rf.6429155ea785970627b2a366d8802528.jpg,640,640,-,0,0,640,640
sj-05-5389-R1_005_jpg.rf.64d75aa1978c9b81706d5a3d443773bf.jpg,640,640,-,0,0,640,640
sj-04-3077-R2_009_jpg.rf.6de4c71d878c648b5dcc5fe41628d559.jpg,640,640,This dataset was exported via roboflow.com on March 31- 2024 at 12-12 AM GMT,0,0,640,640
sj-03-5521_003_jpg.rf.67a7e7917c295c4d399cee440422c014.jpg,640,640,blood_cell - v1 2023-07-08 8-58am,0,0,640,640
sj-05-1467-R1_006_jpg.rf.6f23c4e721fdbfa1ad0b4483dceaf355.jpg,640,640,-,0,2,640,640
sj-05-3874-R2_001_jpg.rf.70642133bb320f6f7f9df937980c9b8a.jpg,640,640,blood_cell - v1 2023-07-08 8-58am,3,2,639,640
sj-03-4957_008_jpg.rf.7509b5f868e7fb134c7fb3643d4442d6.jpg,640,640,blood_cell - v1 2023-07-08 8-58am,0,5,639,639
sj-04-4967-R2_008_jpg.rf.6f46878e609bc9c340b6f6e524dc3950.jpg,640,640,This dataset was exported via roboflow.com on March 31- 2024 at 12-12 AM GMT,0,0,640,640
sj-05-6124-R4_011_jpg.rf.79ec59448e1a4c1289756ab89ba67ec7.jpg,640,640,-,0,0,640,640
sj-05-588-R1_009_jpg.rf.6b14942a96402dc911a33d066a2642a4.jpg,640,640,-,0,2,640,640
sj-05-3362-R2_008_jpg.rf.6b858cdbc0ac565d030e4d0de804d4b1.jpg,640,640,This dataset was exported via roboflow.com on March 31- 2024 at 12-12 AM GMT,0,0,640,640
sj-05-768_014_jpg.rf.7a6508202508eeb2095be4a57ec95fa3.jpg,640,640,This dataset was exported via roboflow.com on March 31- 2024 at 12-12 AM GMT,0,0,640,640
sj-04-3077-R2_008_jpg.rf.793559dff9a85825315b980b5f8e6a7d.jpg,640,640,This dataset was exported via roboflow.com on March 31- 2024 at 12-12 AM GMT,0,0,640,640
sj-05-5389-R1_017_jpg.rf.7a6ab992ef90d106215d8090913a3add.jpg,640,640,-,0,2,640,640
sj-05-3344_009_jpg.rf.6a12e30fbf712bd2c9b20d8e6d0bc2e8.jpg,640,640,blood_cell - v1 2023-07-08 8-58am,1,1,640,639
sj-05-3874-R2_003_jpg.rf.7963cc1aa6f3c8cd3ae51250e8958735.jpg,640,640,blood_cell - v1 2023-07-08 8-58am,1,3,640,640
sj-05-5389-R1_001_jpg.rf.68744783869dfcc2f7e0b675a16a6512.jpg,640,640,-,0,0,640,640
sj-05-6124-R3_005_jpg.rf.7d3928ace1b7eb908dd4d9f04e65f1ed.jpg,640,640,-,0,2,640,640
sj-05-6124-R4_004_jpg.rf.7c00745d6cb1adaa302af8438138ca7a.jpg,640,640,-,0,0,640,640
sj-04-4525-R4_007_jpg.rf.6de68975dc3b702cc8d74bec97bb78e3.jpg,640,640,This dataset was exported via roboflow.com on March 31- 2024 at 12-12 AM GMT,0,0,640,640
sj-05-1467-R1_009_jpg.rf.7af3ad805e35e442feef6d3505d2726e.jpg,640,640,-,0,2,640,640
sj-05-5269-R10_005_jpg.rf.80f9e9f06afa1810ef0d8568ab4801fb.jpg,640,640,blood_cell - v1 2023-07-08 8-58am,1,0,640,640
sj-05-3362-R2_015_jpg.rf.82f60f6372b16dbfaf7db5097a476dbf.jpg,640,640,This dataset was exported via roboflow.com on March 31- 2024 at 12-12 AM GMT,0,0,640,640
sj-05-5389-R1_011_jpg.rf.7e2fe0c42f0da2e262593b0049e42c03.jpg,640,640,-,0,3,640,640
sj-05-4179-R1_004_jpg.rf.85680871109e91d8594dddbc079fa5d0.jpg,640,640,This dataset was exported via roboflow.com on March 31- 2024 at 12-12 AM GMT,0,0,640,640
sj-04-4525-R4_002_jpg.rf.8363292071abd70aa273e49bccb58742.jpg,640,640,This dataset was exported via roboflow.com on March 31- 2024 at 12-12 AM GMT,0,0,640,640
sj-05-3362-R2_014_jpg.rf.8012a87e30a959b10fde0042e93a946f.jpg,640,640,This dataset was exported via roboflow.com on March 31- 2024 at 12-12 AM GMT,0,0,640,640
sj-05-5311-R1_006_jpg.rf.80f933806131a4c9becda10ac847be8f.jpg,640,640,-,2,2,640,640
sj-05-5269-R10_012_jpg.rf.74e7b8c3a13006c40236ed9ba5d74dc8.jpg,640,640,blood_cell - v1 2023-07-08 8-58am,0,2,640,640
sj-05-1881-R1_013_jpg.rf.7df9c08fbfef15d1d5d86d4a59b71d21.jpg,640,640,-,2,0,640,639
sj-05-5829_012_jpg.rf.8ca300b4e422dfe94a1a3d2f0255b9bd.jpg,640,640,-,0,0,640,640
sj-03-4957_007_jpg.rf.8273ca72fec4b2b99b4ef6c338f811d8.jpg,640,640,blood_cell - v1 2023-07-08 8-58am,3,3,639,640
sj-05-5389-R1_006_jpg.rf.8cc81396a963da199c8e71fcdb3bd489.jpg,640,640,-,0,0,640,640
sj-05-768_012_jpg.rf.911fc29f0b69f6e3db9c4cb0eef6c472.jpg,640,640,This dataset was exported via roboflow.com on March 31- 2024 at 12-12 AM GMT,0,0,640,640
sj-05-4881-R3_004_jpg.rf.88645cbcacfa4760bf46ad928daa28e7.jpg,640,640,-,1,3,640,640
sj-04-4525-R4_001_jpg.rf.89bd42f9cc981f718553b029277982da.jpg,640,640,This dataset was exported via roboflow.com on March 31- 2024 at 12-12 AM GMT,0,0,640,640
sj-05-3344_004_jpg.rf.8eed0760d69972251239ac82afa07e55.jpg,640,640,blood_cell - v1 2023-07-08 8-58am,0,0,640,640
sj-05-768_013_jpg.rf.8926f8528d84a98535447487fb805bc9.jpg,640,640,This dataset was exported via roboflow.com on March 31- 2024 at 12-12 AM GMT,0,0,640,640
sj-05-5326-R1_010_jpg.rf.80011b3b5dd1d0879c102877941c3b4c.jpg,640,640,This dataset was exported via roboflow.com on March 31- 2024 at 12-12 AM GMT,0,0,640,640
sj-05-5269-R10_004_jpg.rf.927e4097a7551115a20a0ecb4241cf08.jpg,640,640,blood_cell - v1 2023-07-08 8-58am,1,0,640,640
sj-03-852-R2_001_jpg.rf.7c80331bbb193f804c93002f6fdaf90f.jpg,640,640,blood_cell - v1 2023-07-08 8-58am,3,2,639,639
sj-05-3344_007_jpg.rf.8d60a18eb1412c9c66d30346af2becca.jpg,640,640,blood_cell - v1 2023-07-08 8-58am,0,0,640,640
sj-04-4525-R4_006_jpg.rf.98666716874afa2ce2a2df91de718aae.jpg,640,640,This dataset was exported via roboflow.com on March 31- 2024 at 12-12 AM GMT,0,0,640,640
sj-05-3362-R2_006_jpg.rf.97a0a3e4c66e4ea11438f22185341349.jpg,640,640,This dataset was exported via roboflow.com on March 31- 2024 at 12-12 AM GMT,0,0,640,640
sj-05-6124-R4_016_jpg.rf.97b91537db30fae663ca2abe711c3b02.jpg,640,640,-,0,0,640,640
sj-05-894-R3_008_jpg.rf.9877b5cf87f5ddd9b5aec17c9cbfb9f3.jpg,640,640,-,0,0,640,640
sj-03-4957_009_jpg.rf.9869b73d405c7b01eb44b0fb41a748a8.jpg,640,640,blood_cell - v1 2023-07-08 8-58am,0,5,640,640
sj-05-5389-R1_019_jpg.rf.97edc8fcedb642f2df45829c73fd8247.jpg,640,640,-,2,2,640,640
sj-05-3165_009_jpg.rf.9a182ac66850379efb98f62c9ec615bb.jpg,640,640,blood_cell - v1 2023-07-08 8-58am,0,0,640,640
sj-05-3362-R2_010_jpg.rf.9a227b87480c32a7b2570c128db41440.jpg,640,640,This dataset was exported via roboflow.com on March 31- 2024 at 12-12 AM GMT,0,0,640,640
sj-04-6010-R3_003_jpg.rf.9a4071e099d29a589950240bc69f0935.jpg,640,640,This dataset was exported via roboflow.com on March 31- 2024 at 12-12 AM GMT,0,0,640,640
sj-05-1374_003_jpg.rf.9ef6a525fd58acfebb4a19ca6d522005.jpg,640,640,This dataset was exported via roboflow.com on March 31- 2024 at 12-12 AM GMT,0,0,640,640
sj-05-5326-R1_007_jpg.rf.8f4d5ecf91a2e2d6865c5fd89129d06d.jpg,640,640,This dataset was exported via roboflow.com on March 31- 2024 at 12-12 AM GMT,0,0,640,640
sj-05-901-R1_009_jpg.rf.a43d966c331a1ed33d50c5b7af24af5e.jpg,640,640,This dataset was exported via roboflow.com on March 31- 2024 at 12-12 AM GMT,0,0,640,640
sj-05-4881-R3_005_jpg.rf.9ae6f054596c95b33223a2b5b3aaeb40.jpg,640,640,-,0,3,640,640
sj-05-4881-R3_002_jpg.rf.9e989b59b0eb0690d007d46f78b31f94.jpg,640,640,-,0,3,640,640
sj-05-1374_013_jpg.rf.97f38464fb0f46bb115c53e598d004e3.jpg,640,640,This dataset was exported via roboflow.com on March 31- 2024 at 12-12 AM GMT,0,0,640,640
sj-05-1881-R1_009_jpg.rf.a7bb5ec8638cdece52ab5273c51f360f.jpg,640,640,-,0,0,640,640
sj-05-3344_001_jpg.rf.9022e4c206e6b9ca970306ba530b2337.jpg,640,640,blood_cell - v1 2023-07-08 8-58am,3,3,639,640
sj-05-5389-R1_014_jpg.rf.9b479e08f496f5acf7fabfff1a055011.jpg,640,640,-,0,2,640,640
sj-05-5389-R1_012_jpg.rf.9c12d0ee6b9876552b5f21dc785c0553.jpg,640,640,-,0,2,640,640
sj-05-4179-R1_011_jpg.rf.a6bd2ac73878bcbbae17669b56b39116.jpg,640,640,This dataset was exported via roboflow.com on March 31- 2024 at 12-12 AM GMT,0,0,640,640
sj-05-1374_004_jpg.rf.9b0f34b15e2f2e60243020a2a5989ce3.jpg,640,640,This dataset was exported via roboflow.com on March 31- 2024 at 12-12 AM GMT,0,0,640,640
sj-05-768_005_jpg.rf.a7afe2a73d068b4efde2ddd0b2ff123f.jpg,640,640,This dataset was exported via roboflow.com on March 31- 2024 at 12-12 AM GMT,0,0,640,640
sj-05-588-R1_007_jpg.rf.9992f4f2a87ff1acdab3ee0fec13b30a.jpg,640,640,-,0,0,640,640
sj-05-1881-R1_007_jpg.rf.a481ec31ff811dea5062996e85c2b0d6.jpg,640,640,-,0,0,640,640
sj-05-5829_011_jpg.rf.a236d9052e2b8c5fb6dd7d76f5762509.jpg,640,640,-,0,0,640,640
sj-05-4881-R3_008_jpg.rf.b126459d44232692fcbc11128c66ffff.jpg,640,640,-,0,0,640,640
sj-04-3077-R2_007_jpg.rf.aa59192b68b2e772d520c61ce75c847c.jpg,640,640,This dataset was exported via roboflow.com on March 31- 2024 at 12-12 AM GMT,0,0,640,640
sj-05-5389-R1_007_jpg.rf.a3d7374795dc520a4abb2fb667361a20.jpg,640,640,-,0,0,640,640
sj-05-3344_008_jpg.rf.afc603a796f32317462966b664a67cd6.jpg,640,640,blood_cell - v1 2023-07-08 8-58am,1,3,640,640
sj-05-1374_009_jpg.rf.9ffe7d62cbc8a4656f2eedd8c90b7942.jpg,640,640,This dataset was exported via roboflow.com on March 31- 2024 at 12-12 AM GMT,0,0,640,640
sj-05-901-R1_005_jpg.rf.afbbcdc91ec1f08a3893589cc2f0c785.jpg,640,640,This dataset was exported via roboflow.com on March 31- 2024 at 12-12 AM GMT,0,0,640,640
sj-05-901-R1_007_jpg.rf.b53d1cccfbba61eb06bfe8b99ea2640b.jpg,640,640,This dataset was exported via roboflow.com on March 31- 2024 at 12-12 AM GMT,0,0,640,640
sj-05-3344_010_jpg.rf.b6e794d6d7b8d1f0f467378c6d6c04e0.jpg,640,640,blood_cell - v1 2023-07-08 8-58am,2,0,640,639
sj-03-476_004_jpg.rf.b68bcfe1a772b674e96f3aa869a0b432.jpg,640,640,blood_cell - v1 2023-07-08 8-58am,2,0,640,640
sj-04-6010-R3_002_jpg.rf.a98967e9635b4b6219286b2065cdc564.jpg,640,640,This dataset was exported via roboflow.com on March 31- 2024 at 12-12 AM GMT,0,0,640,640
sj-05-1881-R1_010_jpg.rf.b72e89a4611b95a9018bf7bb7e3e08e5.jpg,640,640,-,0,2,640,640
sj-05-5389-R1_013_jpg.rf.b579727e1c3dac4cc649c06f30a0f4e1.jpg,640,640,-,0,2,640,640
sj-04-3077-R2_001_jpg.rf.b33d9a0696036f14f09cc9d6af6e078d.jpg,640,640,This dataset was exported via roboflow.com on March 31- 2024 at 12-12 AM GMT,0,0,640,640
sj-03-852-R2_004_jpg.rf.b58a57d6d68b4e7db8fdd4acf3cb8336.jpg,640,640,blood_cell - v1 2023-07-08 8-58am,2,0,637,640
sj-05-6124-R3_001_jpg.rf.bed53a670b3e825b3c3f5927f44c8e46.jpg,640,640,-,1,0,640,640
sj-05-6124-R3_007_jpg.rf.c1d3163281d4222ee6e13fcfa93b6ef1.jpg,640,640,-,0,0,640,640
sj-03-852-R2_006_jpg.rf.b8ad37ca219c334616a507b11df4f084.jpg,640,640,blood_cell - v1 2023-07-08 8-58am,3,2,637,639
sj-03-2810_009_jpg.rf.bb2b07f8db0d053e3b8394287be3d002.jpg,640,640,blood_cell - v1 2023-07-08 8-58am,1,2,639,640
sj-04-6010-R3_009_jpg.rf.b8168c520b7cb25a3b1bd8c2b746030e.jpg,640,640,This dataset was exported via roboflow.com on March 31- 2024 at 12-12 AM GMT,0,0,640,640
sj-05-588-R1_006_jpg.rf.c72f1e699b2af55cd2f7fc29ddd6a1df.jpg,640,640,-,2,3,640,639
sj-05-5269-R10_006_jpg.rf.b9e6710b7126043d3654fe123a2e0494.jpg,640,640,blood_cell - v1 2023-07-08 8-58am,2,2,638,640
sj-05-894-R3_013_jpg.rf.c4dcf52fd39ae2dfe64f215e6ca9fe4b.jpg,640,640,-,0,0,640,640
sj-03-476_008_jpg.rf.c1183991df97aaf251e1094aaa32c3b8.jpg,640,640,blood_cell - v1 2023-07-08 8-58am,5,4,639,636
sj-05-5326-R1_004_jpg.rf.bbf920694d633d35e8a52f71cfde30a7.jpg,640,640,This dataset was exported via roboflow.com on March 31- 2024 at 12-12 AM GMT,0,0,640,640
sj-05-3362-R2_003_jpg.rf.be312182cb8e358ceebaa566fb78686e.jpg,640,640,This dataset was exported via roboflow.com on March 31- 2024 at 12-12 AM GMT,0,0,640,640
sj-04-4967-R2_002_jpg.rf.bea8c76125850af59f85ca03a8673a87.jpg,640,640,This dataset was exported via roboflow.com on March 31- 2024 at 12-12 AM GMT,0,0,640,640
sj-05-5269-R10_010_jpg.rf.bb482d94023844a34a6781e6b5cf3578.jpg,640,640,blood_cell - v1 2023-07-08 8-58am,0,2,640,640
sj-05-5389-R1_008_jpg.rf.ca6aab8bd44d560d378ce7fbc973ad37.jpg,640,640,-,2,3,640,639
sj-05-894-R3_012_jpg.rf.c3eae6ee9e06f767279461a7345be8be.jpg,640,640,-,0,0,640,640
sj-05-4881-R3_003_jpg.rf.c16b1d97cf8d47dd343535600a712919.jpg,640,640,-,0,2,640,640
sj-04-4525-R4_010_jpg.rf.cafc853e90c8cee034ec6a5c2a8a96f8.jpg,640,640,This dataset was exported via roboflow.com on March 31- 2024 at 12-12 AM GMT,0,0,640,640
sj-04-6010-R3_008_jpg.rf.be1b24632c820c273706633ddb112c86.jpg,640,640,This dataset was exported via roboflow.com on March 31- 2024 at 12-12 AM GMT,0,0,640,640
sj-05-6124-R3_011_jpg.rf.cbea3c23a3565a67049c42ee1fc17ba2.jpg,640,640,-,0,0,640,640